MORTGAGE,Charged Off,895991.979999999
MORTGAGE,Fully Paid,5429081.759999952
NONE,Fully Paid,529.28
OTHER,Charged Off,7997.500000000001
OTHER,Fully Paid,25199.580000000005
OWN,Charged Off,137666.15
OWN,Fully Paid,781602.2899999996
RENT,Charged Off,868060.6299999992
RENT,Fully Paid,4773723.330000026
